,file_name,service_name,url
0,terms-of-service, 1Password,https://1password.com/legal/terms-of-service/
1,terms-of-service, 1Password,https://1password.com/legal/terms-of-service/
2,cookie_policy, Airbnb,https://www.airbnb.com/terms/cookie_policy
3,privacy_policy, Airbnb,https://www.airbnb.com/terms/privacy_policy
4,privacy_policy, Airbnb,https://www.airbnb.com/terms/privacy_policy
5,terms, allrecipes,http://www.meredith.com/legal/terms
6,privacy, allrecipes,http://www.meredith.com/legal/privacy
7,privacy, allrecipes,http://www.meredith.com/legal/privacy
8,terms, allrecipes,http://www.meredith.com/legal/terms
9,display.html?nodeid=508088, Amazon,https://www.amazon.com/gp/help/customer/display.html?nodeId=508088
10,display.html?nodeid=201544030, Amazon,https://www.amazon.com/gp/help/customer/display.html?nodeId=201544030
11,display.html?nodeid=508088, Amazon,https://www.amazon.com/gp/help/customer/display.html?nodeId=508088
12,display.html?nodeid=508088, Amazon,https://www.amazon.com/gp/help/customer/display.html?nodeId=508088
13,display.html?nodeid=508088, Amazon,https://www.amazon.com/gp/help/customer/display.html?nodeId=508088
14,display.html?nodeid=508088, Amazon,https://www.amazon.com/gp/help/customer/display.html?nodeId=508088
15,display.html?nodeid=508088, Amazon,https://www.amazon.com/gp/help/customer/display.html?nodeId=508088
16,ref=hp_left_v4_sib?ie=utf8&nodeid=202135380, Amazon,https://www.amazon.com/gp/help/customer/display.html/ref=hp_left_v4_sib?ie=UTF8&nodeId=202135380
17,display.html?nodeid=508088, Amazon,https://www.amazon.com/gp/help/customer/display.html?nodeId=508088
18,en-ww, Apple,https://www.apple.com/legal/privacy/en-ww/
19,en-ww, Apple,https://www.apple.com/legal/privacy/en-ww/
20,site.html, Apple,http://www.apple.com/legal/internet-services/terms/site.html
21,en-ww, Apple,https://www.apple.com/legal/privacy/en-ww/
22,en-ww, Apple,https://www.apple.com/legal/privacy/en-ww/
23,site.html, Apple,http://www.apple.com/legal/internet-services/terms/site.html
24,terms.html, Apple,https://www.apple.com/legal/internet-services/icloud/en/terms.html
25,terms.html, Apple,https://www.apple.com/legal/internet-services/icloud/en/terms.html
26,site.html, Apple,http://www.apple.com/legal/internet-services/terms/site.html
27,site.html, Apple,http://www.apple.com/legal/internet-services/terms/site.html
28,en-ww, Apple,https://www.apple.com/legal/privacy/en-ww/
29,terms.html, Apple,https://www.apple.com/legal/internet-services/icloud/en/terms.html
30,privacy, Avaaz,https://secure.avaaz.org/en/privacy/
31,terms, BetterHelp,https://www.betterhelp.com/terms/
32,terms, BetterHelp,https://www.betterhelp.com/terms/
33,terms, BetterHelp,https://www.betterhelp.com/terms/
34,privacy, BetterHelp,https://www.betterhelp.com/privacy/
35,privacy, BetterHelp,https://www.betterhelp.com/privacy/
36,terms, BetterHelp,https://www.betterhelp.com/terms/
37,privacy, BetterHelp,https://www.betterhelp.com/privacy/
38,terms, BetterHelp,https://www.betterhelp.com/terms/
39,privacy, BetterHelp,https://www.betterhelp.com/privacy/
40,terms, BetterHelp,https://www.betterhelp.com/terms/
41,default.aspx, Bing,http://www.microsoft.com/privacystatement/en-us/bing/default.aspx
42,terms, BitChute,https://support.bitchute.com/policy/terms/
43,privacy, bittorrent,https://www.bittorrent.com/legal/privacy
44,terms, Bitwarden,https://bitwarden.com/terms/
45,terms, Bitwarden,https://bitwarden.com/terms/
46,terms, Bitwarden,https://bitwarden.com/terms/
47,terms, Bitwarden,https://bitwarden.com/terms/
48,privacy, Blogspot,https://www.google.com/policies/privacy/
49,privacy, Blogspot,https://www.google.com/policies/privacy/
50,terms-and-privacy.html, bluestacks,https://www.bluestacks.com/terms-and-privacy.html
51,terms-and-privacy.html, bluestacks,https://www.bluestacks.com/terms-and-privacy.html
52,terms-and-privacy.html, bluestacks,https://www.bluestacks.com/terms-and-privacy.html
53,terms-and-privacy.html, bluestacks,https://www.bluestacks.com/terms-and-privacy.html
54,terms_of_use, Brainly,https://brainly.com/pages/terms_of_use
55,terms_of_use, Brainly,https://brainly.com/pages/terms_of_use
56,terms_of_use, Brainly,https://brainly.com/pages/terms_of_use
57,terms_of_use, Brainly,https://brainly.com/pages/terms_of_use
58,terms_of_use, Brainly,https://brainly.com/pages/terms_of_use
59,terms_of_use, Brainly,https://brainly.com/pages/terms_of_use
60,terms_of_use, Brainly,https://brainly.com/pages/terms_of_use
61,terms_of_use, Brainly,https://brainly.com/pages/terms_of_use
62,terms_of_use, Brainly,https://brainly.com/pages/terms_of_use
63,terms_of_use, Brainly,https://brainly.com/pages/terms_of_use
64,terms_of_use, Brainly,https://brainly.com/pages/terms_of_use
65,terms_of_use, Brainly,https://brainly.com/pages/terms_of_use
66,terms_of_use, Brainly,https://brainly.com/pages/terms_of_use
67,terms_of_use, Brainly,https://brainly.com/pages/terms_of_use
68,terms_of_use, Brainly,https://brainly.com/pages/terms_of_use
69,terms_of_use, Brainly,https://brainly.com/pages/terms_of_use
70,terms_of_use, Brainly,https://brainly.com/pages/terms_of_use
71,terms_of_use, Brainly,https://brainly.com/pages/terms_of_use
72,terms_of_use, Brainly,https://brainly.com/pages/terms_of_use
73,terms_of_use, Brainly,https://brainly.com/pages/terms_of_use
74,ios_privacy.html, Brave,https://brave.com/ios_privacy.html
75,ios_privacy.html, Brave,https://brave.com/ios_privacy.html
76,website-privacy, Brave,https://brave.com/website-privacy/
77,cookie-policy, Brilliant,https://brilliant.org/cookie-policy/
78,terms-of-use, Brilliant,https://brilliant.org/terms-of-use/
79,terms-of-use, Brilliant,https://brilliant.org/terms-of-use/
80,cookie-policy, Brilliant,https://brilliant.org/cookie-policy/
81,terms, Bumble,https://bumble.com/en/terms
82,terms, Bumble,https://bumble.com/en/terms
83,end-user-license-agreement, CCleaner,https://www.ccleaner.com/legal/end-user-license-agreement
84,end-user-license-agreement, CCleaner,https://www.ccleaner.com/legal/end-user-license-agreement
85,privacy-policy, CCleaner,https://www.ccleaner.com/about/privacy-policy
86,what-happens-to-your-data, CCleaner,https://www.ccleaner.com/about/privacy-policy/what-happens-to-your-data
87,what-happens-to-your-data, CCleaner,https://www.ccleaner.com/about/privacy-policy/what-happens-to-your-data
88,what-happens-to-your-data, CCleaner,https://www.ccleaner.com/about/privacy-policy/what-happens-to-your-data
89,en, Cloudant,https://www.ibm.com/legal/us/en/
90,terms-of-use, CNet,https://www.cbsinteractive.com/legal/cbsi/terms-of-use
91,terms-of-use, CNet,https://www.cbsinteractive.com/legal/cbsi/terms-of-use
92,terms-of-use, CNet,https://www.cbsinteractive.com/legal/cbsi/terms-of-use
93,terms-of-use, CNet,https://www.cbsinteractive.com/legal/cbsi/terms-of-use
94,terms-of-use, CNet,https://www.cbsinteractive.com/legal/cbsi/terms-of-use
95,terms-of-use, CNet,https://www.cbsinteractive.com/legal/cbsi/terms-of-use
96,terms, CNN,https://edition.cnn.com/terms
97,terms, CNN,https://edition.cnn.com/terms
98,terms, CNN,https://edition.cnn.com/terms
99,terms, CNN,https://edition.cnn.com/terms
100,terms, CNN,https://edition.cnn.com/terms
101,terms, CNN,https://edition.cnn.com/terms
102,terms, CNN,https://edition.cnn.com/terms
103,terms, CNN,https://www.cnn.com/terms
104,terms, CNN,https://edition.cnn.com/terms
105,terms-of-use, CouchSurfing,http://about.couchsurfing.com/terms-of-use/
106,terms-of-use, CouchSurfing,http://about.couchsurfing.com/terms-of-use/
107,terms-of-use, CouchSurfing,http://about.couchsurfing.com/terms-of-use/
108,terms-of-use, CouchSurfing,http://about.couchsurfing.com/terms-of-use/
109,privacy-policy, CouchSurfing,http://about.couchsurfing.com/privacy-policy/
110,terms-of-use, CouchSurfing,http://about.couchsurfing.com/terms-of-use/
111,terms-of-use, CouchSurfing,http://about.couchsurfing.com/terms-of-use/
112,terms-of-use, CouchSurfing,http://about.couchsurfing.com/terms-of-use/
113,privacy-policy, CouchSurfing,http://about.couchsurfing.com/privacy-policy/
114,privacy-policy, CouchSurfing,http://about.couchsurfing.com/privacy-policy/
115,terms-of-use, CouchSurfing,http://about.couchsurfing.com/terms-of-use/
116,terms-of-use, CouchSurfing,http://about.couchsurfing.com/terms-of-use/
117,terms-of-use, CouchSurfing,http://about.couchsurfing.com/terms-of-use/
118,terms-of-use, CouchSurfing,http://about.couchsurfing.com/terms-of-use/
119,privacy-policy, CouchSurfing,http://about.couchsurfing.com/privacy-policy/
120,privacy-policy, CouchSurfing,http://about.couchsurfing.com/privacy-policy/
121,terms, coursera,https://www.coursera.org/about/terms
122,terms, coursera,https://www.coursera.org/about/terms
123,terms, coursera,https://www.coursera.org/about/terms
124,cookies, coursera,https://www.coursera.org/about/cookies
125,cookies, coursera,https://www.coursera.org/about/cookies
126,cookies, coursera,https://www.coursera.org/about/cookies
127,terms.of.use, craigslist,https://www.craigslist.org/about/terms.of.use
128,tos, Crowdmark,https://crowdmark.com/tos/
129,tos, Crowdmark,https://crowdmark.com/tos/
130,privacy, Crowdmark,https://crowdmark.com/privacy/
131,tos, Crowdmark,https://crowdmark.com/tos/
132,privacy, Crowdmark,https://crowdmark.com/privacy/
133,privacy, Crowdmark,https://crowdmark.com/privacy/
134,tos, Crowdmark,https://crowdmark.com/tos/
135,terms, Dashlane,https://www.dashlane.com/terms
136,terms, Dashlane,https://www.dashlane.com/terms
137,service, DeviantArt,http://about.deviantart.com/policy/service/
138,service, DeviantArt,http://about.deviantart.com/policy/service/
139,360009334333, Discogs,https://support.discogs.com/hc/en-us/articles/360009334333
140,360001134454, Discogs,https://support.discogs.com/hc/en-us/articles/360001134454
141,360001134454, Discogs,https://support.discogs.com/hc/en-us/articles/360001134454
142,360009334333, Discogs,https://support.discogs.com/hc/en-us/articles/360009334333
143,360009334333, Discogs,https://support.discogs.com/hc/en-us/articles/360009334333
144,360001134454, Discogs,https://support.discogs.com/hc/en-us/articles/360001134454
145,360001134454, Discogs,https://support.discogs.com/hc/en-us/articles/360001134454
146,360001134454, Discogs,https://support.discogs.com/hc/en-us/articles/360001134454
147,360001134454, Discogs,https://support.discogs.com/hc/en-us/articles/360001134454
148,360001134454, Discogs,https://support.discogs.com/hc/en-us/articles/360001134454
149,360001134454, Discogs,https://support.discogs.com/hc/en-us/articles/360001134454
150,360001134454, Discogs,https://support.discogs.com/hc/en-us/articles/360001134454
151,360009334333, Discogs,https://support.discogs.com/hc/en-us/articles/360009334333
152,360001134454, Discogs,https://support.discogs.com/hc/en-us/articles/360001134454
153,360001134454, Discogs,https://support.discogs.com/hc/en-us/articles/360001134454
154,360009334333, Discogs,https://support.discogs.com/hc/en-us/articles/360009334333
155,360001134454, Discogs,https://support.discogs.com/hc/en-us/articles/360001134454
156,360001134454, Discogs,https://support.discogs.com/hc/en-us/articles/360001134454
157,360001134454, Discogs,https://support.discogs.com/hc/en-us/articles/360001134454
158,360001134454, Discogs,https://support.discogs.com/hc/en-us/articles/360001134454
159,terms.txt, Discord,https://github.com/tosdr/tosback2/blob/master/crawl_reviewed/discordapp.com/Terms.txt
160,privacy, Discord,https://discordapp.com/privacy
161,privacy, Discord,https://discordapp.com/privacy
162,privacy, Discord,https://discordapp.com/privacy
163,privacy, Discord,https://discordapp.com/privacy
164,privacy, Discord,https://discordapp.com/privacy
165,tos, DiscourseHosting,https://www.discoursehosting.com/tos/
166,privacy-policy, DiscourseHosting,https://www.discoursehosting.com/privacy-policy/
167,tos, DiscourseHosting,https://www.discoursehosting.com/tos/
168,privacy-policy, DiscourseHosting,https://www.discoursehosting.com/privacy-policy/
169,tos, DiscourseHosting,https://www.discoursehosting.com/tos/
170,tos, DiscourseHosting,https://www.discoursehosting.com/tos/
171,privacy-policy, DiscourseHosting,https://www.discoursehosting.com/privacy-policy/
172,privacy-policy, DiscourseHosting,https://www.discoursehosting.com/privacy-policy/
173,tos, DiscourseHosting,https://www.discoursehosting.com/tos/
174,privacy-policy, DiscourseHosting,https://www.discoursehosting.com/privacy-policy/
175,terms-of-service, Disqus,https://help.disqus.com/terms-and-policies/terms-of-service
176,terms-of-service, Disqus,https://help.disqus.com/terms-and-policies/terms-of-service
177,disqus-privacy-policy, Disqus,https://help.disqus.com/terms-and-policies/disqus-privacy-policy
178,disqus-privacy-policy, Disqus,https://help.disqus.com/terms-and-policies/disqus-privacy-policy
179,disqus-privacy-policy, Disqus,https://help.disqus.com/terms-and-policies/disqus-privacy-policy
180,terms-of-service, Disqus,https://help.disqus.com/terms-and-policies/terms-of-service
181,disqus-privacy-policy, Disqus,https://help.disqus.com/terms-and-policies/disqus-privacy-policy
182,disqus-privacy-policy, Disqus,https://help.disqus.com/terms-and-policies/disqus-privacy-policy
183,disqus-privacy-policy, Disqus,https://help.disqus.com/terms-and-policies/disqus-privacy-policy
184,disqus-privacy-policy, Disqus,https://help.disqus.com/terms-and-policies/disqus-privacy-policy
185,terms-of-service, Disqus,https://help.disqus.com/terms-and-policies/terms-of-service
186,terms-of-service, Disqus,https://help.disqus.com/terms-and-policies/terms-of-service
187,disqus-privacy-policy, Disqus,https://help.disqus.com/terms-and-policies/disqus-privacy-policy
188,disqus-privacy-policy, Disqus,https://help.disqus.com/terms-and-policies/disqus-privacy-policy
189,terms-of-service, Disqus,https://help.disqus.com/terms-and-policies/terms-of-service
190,privacy#terms, Dropbox,https://www.dropbox.com/privacy#terms
191,privacy#terms, Dropbox,https://www.dropbox.com/privacy#terms
192,privacy, Dropbox,https://www.dropbox.com/privacy
193,privacy#terms, Dropbox,https://www.dropbox.com/privacy#terms
194,privacy, DuckDuckGo,https://duckduckgo.com/privacy
195,privacy, DuckDuckGo,https://duckduckgo.com/privacy
196,privacy, DuckDuckGo,https://duckduckgo.com/privacy
197,cookies-web-beacons.html, eBay,http://pages.ebay.com/help/account/cookies-web-beacons.html
198,terms-of-use, eBird,https://www.birds.cornell.edu/home/terms-of-use/
199,privacy, Ecosia,https://info.ecosia.org/privacy
200,privacy, Ecosia,https://info.ecosia.org/privacy
201,privacy, Ecosia,https://info.ecosia.org/privacy
202,privacy, Ecosia,https://info.ecosia.org/privacy
203,privacy, Ecosia,https://info.ecosia.org/privacy
204,privacy, Ecosia,https://info.ecosia.org/privacy
205,privacy, Ecosia,https://info.ecosia.org/privacy
206,privacy, Ecosia,https://info.ecosia.org/privacy
207,terms, ello,https://ello.co/wtf/policies/terms/
208,market, envato,https://themeforest.net/legal/market
209,terms-of-use#, etsy,https://www.etsy.com/legal/terms-of-use#
210,privacy, etsy,https://www.etsy.com/legal/privacy
211,terms-of-service, Evernote,https://evernote.com/legal/terms-of-service
212,terms-of-service, Evernote,https://evernote.com/legal/terms-of-service
213,terms-of-service, Evernote,https://evernote.com/legal/terms-of-service
214,legal, EyeWire,https://eyewire.org/legal
215,186325668085084, Facebook,https://www.facebook.com/help/186325668085084
216,terms, Facebook,https://www.facebook.com/legal/terms
217,privacy, Facebook,https://www.facebook.com/about/privacy
218,privacy, Facebook,https://www.facebook.com/about/privacy
219,privacy, Facebook,https://www.facebook.com/about/privacy
220,printable, Facebook,https://www.facebook.com/policy/cookies/printable
221,printable, Facebook,https://www.facebook.com/policy/cookies/printable
222,printable, Facebook,https://www.facebook.com/policy/cookies/printable
223,terms, Facebook,https://www.facebook.com/legal/terms
224,terms, FAKKU,https://www.fakku.net/terms
225,privacy, FAKKU,https://www.fakku.net/privacy
226,privacy.html, FastMail,https://www.fastmail.com/about/privacy.html
227,privacy-policy, Fiverr,https://www.fiverr.com/privacy-policy
228,terms, GitLab,https://about.gitlab.com/terms/
229,terms, GitLab,https://about.gitlab.com/terms/
230,terms, Goodreads,https://www.goodreads.com/about/terms
231,terms, Goodreads,https://www.goodreads.com/about/terms
232,privacy#, Google,https://policies.google.com/privacy#
233,privacy#, Google,https://policies.google.com/privacy#
234,privacy#, Google,https://policies.google.com/privacy#
235,privacy#, Google,https://policies.google.com/privacy#
236,privacy#, Google,https://policies.google.com/privacy#
237,privacy#, Google,https://policies.google.com/privacy#
238,privacy#, Google,https://policies.google.com/privacy#
239,terms, Grammarly,https://www.grammarly.com/terms
240,privacy-policy, Grammarly,https://www.grammarly.com/privacy-policy
241,221644728, Habbo,https://help.habbo.com/hc/en-us/articles/221644728
242,221644748, Habbo,https://help.habbo.com/hc/en-us/articles/221644748
243,221644728, Habbo,https://help.habbo.com/hc/en-us/articles/221644728
244,221644728, Habbo,https://help.habbo.com/hc/en-us/articles/221644728
245,221644728, Habbo,https://help.habbo.com/hc/en-us/articles/221644728
246,221644748, Habbo,https://help.habbo.com/hc/en-us/articles/221644748
247,221644728, Habbo,https://help.habbo.com/hc/en-us/articles/221644728
248,221644728, Habbo,https://help.habbo.com/hc/en-us/articles/221644728
249,221644728, Habbo,https://help.habbo.com/hc/en-us/articles/221644728
250,privacy, Honeypot,https://www.honeypot.io/pages/privacy
251,tou.html, HQ,https://hq.hype.space/legal/tou.html
252,tou.html, HQ,https://hq.hype.space/legal/tou.html
253,tou.html, HQ,https://hq.hype.space/legal/tou.html
254,privacy-row.html, HQ,https://hq.hype.space/legal/privacy-row.html
255,rules.html, HQ,https://hq.hype.space/legal/rules.html
256,privacy-policy, Huawei,https://consumer.huawei.com/en/legal/privacy-policy/
257,terms-of-use, Huawei,https://consumer.huawei.com/en/legal/terms-of-use/
258,cookie-policy, Huawei,https://consumer.huawei.com/en/legal/cookie-policy/
259,tos, ICANN,https://www.icann.org/privacy/tos
260,policy, ICANN,https://www.icann.org/privacy/policy
261,policy, ICANN,https://www.icann.org/privacy/policy
262,policy, ICANN,https://www.icann.org/privacy/policy
263,policy, ICANN,https://www.icann.org/privacy/policy
264,cookies, ICANN,https://www.icann.org/privacy/cookies
265,tos, ICANN,https://www.icann.org/privacy/tos
266,cookies, ICANN,https://www.icann.org/privacy/cookies
267,tos, ICANN,https://www.icann.org/privacy/tos
268,tos, ICANN,https://www.icann.org/privacy/tos
269,tos, ICANN,https://www.icann.org/privacy/tos
270,cookies, ICANN,https://www.icann.org/privacy/cookies
271,terms-and-conditions, idka,https://www.idka.com/terms-and-conditions/
272,terms-and-conditions, idka,https://www.idka.com/terms-and-conditions/
273,privacy-policy, idka,https://www.idka.com/privacy-policy
274,privacy, IFTTT,https://ifttt.com/privacy
275,terms, IFTTT,https://ifttt.com/terms
276,terms, IFTTT,https://ifttt.com/terms
277,terms, IFTTT,https://ifttt.com/terms
278,terms, IFTTT,https://ifttt.com/terms
279,terms, IFTTT,https://ifttt.com/terms
280,privacy, IFTTT,https://ifttt.com/privacy
281,terms, Indiegogo,https://www.indiegogo.com/about/terms
282,cookies, Indiegogo,https://www.indiegogo.com/about/cookies
283,cookies, Indiegogo,https://www.indiegogo.com/about/cookies
284,terms, Indiegogo,https://www.indiegogo.com/about/terms
285,terms, Indiegogo,https://www.indiegogo.com/about/terms
286,581066165581870, Instagram,https://help.instagram.com/581066165581870
287,519522125107875, Instagram,https://help.instagram.com/519522125107875
288,581066165581870, Instagram,https://help.instagram.com/581066165581870
289,581066165581870, Instagram,https://help.instagram.com/581066165581870
290,581066165581870, Instagram,https://help.instagram.com/581066165581870
291,581066165581870, Instagram,https://help.instagram.com/581066165581870
292,581066165581870, Instagram,https://help.instagram.com/581066165581870
293,terms-and-policies#terms, Intercom,https://www.intercom.com/terms-and-policies#terms
294,terms-of-service, ISODME,https://www.isodme.com/terms-of-service
295,terms-of-service, ISODME,https://www.isodme.com/terms-of-service
296,terms-of-service, ISODME,https://www.isodme.com/terms-of-service
297,pp.php, ISODME,https://www.isodme.com/pp.php
298,terms-of-service, ISODME,https://www.isodme.com/terms-of-service
299,terms-of-service, ISODME,https://www.isodme.com/terms-of-service
300,terms-of-service, ISODME,https://www.isodme.com/terms-of-service
301,terms-of-service, ISODME,https://www.isodme.com/terms-of-service
302,pp.php, ISODME,https://www.isodme.com/pp.php
303,pp.php, ISODME,https://www.isodme.com/pp.php
304,pp.php, ISODME,https://www.isodme.com/pp.php
305,terms-of-service, ISODME,https://www.isodme.com/terms-of-service
306,terms-of-service, ISODME,https://www.isodme.com/terms-of-service
307,privacy, iStudiez,https://istudentpro.com/privacy/
308,privacy, iStudiez,https://istudentpro.com/privacy/
309,privacy, iStudiez,https://istudentpro.com/privacy/
310,privacy, iStudiez,https://istudentpro.com/privacy/
311,useterms.html, JetBrains,https://www.jetbrains.com/company/useterms.html
312,useterms.html, JetBrains,https://www.jetbrains.com/company/useterms.html
313,useterms.html, JetBrains,https://www.jetbrains.com/company/useterms.html
314,useterms.html, JetBrains,https://www.jetbrains.com/company/useterms.html
315,useterms.html, JetBrains,https://www.jetbrains.com/company/useterms.html
316,terms-of-use, jobvite,https://www.jobvite.com/terms-of-use/
317,terms-and-conditions, Kahoot!,https://kahoot.com/terms-and-conditions/
318,luv9ua5i, Kitsu,https://pastebin.com/raw/LUV9UA5i
319,luv9ua5i, Kitsu,https://pastebin.com/raw/LUV9UA5i
320,luv9ua5i, Kitsu,https://pastebin.com/raw/LUV9UA5i
321,luv9ua5i, Kitsu,https://pastebin.com/raw/LUV9UA5i
322,about, KJVPCE,https://kjvpce.com/about
323,about, KJVPCE,https://kjvpce.com/about
324,terms-and-conditions, LastPass,https://www.logmeininc.com/legal/terms-and-conditions
325,terms-and-conditions, LastPass,https://www.logmeininc.com/legal/terms-and-conditions
326,terms-and-conditions, LastPass,https://www.logmeininc.com/legal/terms-and-conditions
327,terms-and-conditions, LastPass,https://www.logmeininc.com/legal/terms-and-conditions
328,terms-and-conditions, LastPass,https://www.logmeininc.com/legal/terms-and-conditions
329,privacy, librarything,https://www.librarything.com/privacy
330,privacy-policy, LinkedIn,https://www.linkedin.com/legal/privacy-policy
331,user-agreement, LinkedIn,https://www.linkedin.com/legal/user-agreement
332,user-agreement, LinkedIn,https://www.linkedin.com/legal/user-agreement
333,privacy-policy, LinkedIn,https://www.linkedin.com/legal/privacy-policy
334,user-agreement, LinkedIn,https://www.linkedin.com/legal/user-agreement
335,68763, LinkedIn,https://www.linkedin.com/help/linkedin/answer/68763
336,privacy-policy, LinkedIn,https://www.linkedin.com/legal/privacy-policy
337,user-agreement, LinkedIn,https://www.linkedin.com/legal/user-agreement
338,tos-en.bml, livejournal,https://www.livejournal.com/legal/tos-en.bml
339,privacy-policy, loom,https://www.loom.com/privacy-policy
340,privacy-policy, loom,https://www.loom.com/privacy-policy
341,privacy-policy, loom,https://www.loom.com/privacy-policy
342,privacy, Meetup,https://www.meetup.com/privacy/
343,privacy, Meetup,https://www.meetup.com/privacy/
344,terms, Meetup,https://www.meetup.com/terms/
345,privacy, Meetup,https://www.meetup.com/privacy/
346,privacy, Meetup,https://www.meetup.com/privacy/
347,terms, Meetup,https://www.meetup.com/terms/
348,cookie_policy, Meetup,https://www.meetup.com/cookie_policy/
349,terms, Meetup,https://www.meetup.com/terms/
350,social-contract, MusicBrainz,https://metabrainz.org/social-contract
351,data_license, MusicBrainz,https://musicbrainz.org/doc/About/Data_License
352,privacy, MusicBrainz,https://metabrainz.org/privacy
353,privacy, MusicBrainz,https://metabrainz.org/privacy
354,terms-of-use, Musik-Sammler,https://www.musik-sammler.de/terms-of-use/
355,terms-of-use, Musik-Sammler,https://www.musik-sammler.de/terms-of-use/
356,terms-of-use, Musik-Sammler,https://www.musik-sammler.de/terms-of-use/
357,terms-of-use, Musik-Sammler,https://www.musik-sammler.de/terms-of-use/
358,terms-of-use, Musik-Sammler,https://www.musik-sammler.de/terms-of-use/
359,terms_of_use, MyAnimeList,https://myanimelist.net/about/terms_of_use
360,privacy_policy, MyAnimeList,https://myanimelist.net/about/privacy_policy
361,tos, MySudo,https://mysudo.com/tos/
362,tos, MySudo,https://mysudo.com/tos/
363,tos, MySudo,https://mysudo.com/tos/
364,terms.jtp, Nabble,http://www.nabble.com/Terms.jtp
365,privacy, Netflix,https://help.netflix.com/legal/privacy
366,privacy, Netflix,https://help.netflix.com/legal/privacy
367,privacy-policy, Newgrounds,https://www.newgrounds.com/wiki/help-information/privacy-policy
368,privacy-policy, Newgrounds,https://www.newgrounds.com/wiki/help-information/privacy-policy
369,privacy-policy, Newgrounds,https://www.newgrounds.com/wiki/help-information/privacy-policy
370,privacy-policy, Newgrounds,https://www.newgrounds.com/wiki/help-information/privacy-policy
371,open-source-terms, npm,https://www.npmjs.com/policies/open-source-terms
372,open-source-terms, npm,https://www.npmjs.com/policies/open-source-terms
373,open-source-terms, npm,https://www.npmjs.com/policies/open-source-terms
374,open-source-terms, npm,https://www.npmjs.com/policies/open-source-terms
375,open-source-terms, npm,https://www.npmjs.com/policies/open-source-terms
376,open-source-terms, npm,https://www.npmjs.com/policies/open-source-terms
377,open-source-terms, npm,https://www.npmjs.com/policies/open-source-terms
378,open-source-terms, npm,https://www.npmjs.com/policies/open-source-terms
379,privacy, npm,https://www.npmjs.com/policies/privacy
380,privacy, npm,https://www.npmjs.com/policies/privacy
381,open-source-terms, npm,https://www.npmjs.com/policies/open-source-terms
382,open-source-terms, npm,https://www.npmjs.com/policies/open-source-terms
383,open-source-terms, npm,https://www.npmjs.com/policies/open-source-terms
384,privacy-policy, Nvidia,https://www.nvidia.com/en-us/about-nvidia/privacy-policy/
385,terms-of-service, Observable,https://observablehq.com/terms-of-service
386,terms-of-service, Observable,https://observablehq.com/terms-of-service
387,terms-of-service, Observable,https://observablehq.com/terms-of-service
388,terms-of-service, Observable,https://observablehq.com/terms-of-service
389,terms-of-service, Observable,https://observablehq.com/terms-of-service
390,terms-of-service, Observable,https://observablehq.com/terms-of-service
391,terms-of-service, Observable,https://observablehq.com/terms-of-service
392,terms-of-service, Observable,https://observablehq.com/terms-of-service
393,terms-of-service, Observable,https://observablehq.com/terms-of-service
394,terms-of-service, Observable,https://observablehq.com/terms-of-service
395,terms-of-service, Observable,https://observablehq.com/terms-of-service
396,terms-of-service, Observable,https://observablehq.com/terms-of-service
397,terms-of-service, Observable,https://observablehq.com/terms-of-service
398,terms-of-service, Observable,https://observablehq.com/terms-of-service
399,privacy_policy, OpenStreetMap,https://wiki.osmfoundation.org/wiki/Privacy_Policy
400,privacy_policy, OpenStreetMap,https://wiki.osmfoundation.org/wiki/Privacy_Policy
401,privacy_policy, OpenStreetMap,https://wiki.osmfoundation.org/wiki/Privacy_Policy
402,help-online?id=privacy-policy, OsmAnd,https://osmand.net/help-online?id=privacy-policy
403,help-online?id=privacy-policy, OsmAnd,https://osmand.net/help-online?id=privacy-policy
404,help-online?id=privacy-policy, OsmAnd,https://osmand.net/help-online?id=privacy-policy
405,terms, Parsec,https://parsecgaming.com/terms
406,privacy-policy, Parsec,https://parsecgaming.com/privacy-policy
407,privacy-policy, Parsec,https://parsecgaming.com/privacy-policy
408,privacy-policy, Parsec,https://parsecgaming.com/privacy-policy
409,terms, Patook,https://patook.com/Legal/Terms
410,terms, Patook,https://patook.com/Legal/Terms
411,terms, Patook,https://patook.com/Legal/Terms
412,terms, Patook,https://patook.com/Legal/Terms
413,privacy, Patook,https://patook.com/Legal/Privacy
414,terms, Patook,https://patook.com/Legal/Terms
415,terms, Patook,https://patook.com/Legal/Terms
416,terms, Patook,https://patook.com/Legal/Terms
417,privacy, Patook,https://patook.com/Legal/Privacy
418,terms, Patook,https://patook.com/Legal/Terms
419,privacy, Patook,https://patook.com/Legal/Privacy
420,privacy, Patook,https://patook.com/Legal/Privacy
421,privacy, Patook,https://patook.com/Legal/Privacy
422,privacy, Patook,https://patook.com/Legal/Privacy
423,privacy, Patook,https://patook.com/Legal/Privacy
424,terms, Patook,https://patook.com/Legal/Terms
425,terms, Patook,https://patook.com/Legal/Terms
426,terms, Patook,https://patook.com/Legal/Terms
427,terms, Patook,https://patook.com/Legal/Terms
428,cookies, Patreon,https://www.patreon.com/policy/cookies
429,terms-and-conditions, Pexgle,https://www.pexgle.com/terms-and-conditions/
430,content-policy, Pexgle,https://www.pexgle.com/content-policy/
431,content-policy, Pexgle,https://www.pexgle.com/content-policy/
432,privacy-policy, Pexgle,https://www.pexgle.com/privacy-policy/
433,content-policy, Pexgle,https://www.pexgle.com/content-policy/
434,terms, Posteo,https://posteo.de/en/site/terms
435,terms, Posteo,https://posteo.de/en/site/terms
436,terms, Posteo,https://posteo.de/en/site/terms
437,terms, Presearch,https://www.presearch.org/terms
438,terms, Presearch,https://www.presearch.org/terms
439,terms, Presearch,https://www.presearch.org/terms
440,terms, Presearch,https://www.presearch.org/terms
441,terms, Presearch,https://www.presearch.org/terms
442,terms, Presearch,https://www.presearch.org/terms
443,terms, Presearch,https://www.presearch.org/terms
444,terms, Presearch,https://www.presearch.org/terms
445,terms, Presearch,https://www.presearch.org/terms
446,terms, Presearch,https://www.presearch.org/terms
447,terms, Presearch,https://www.presearch.org/terms
448,terms, Presearch,https://www.presearch.org/terms
449,terms, Presearch,https://www.presearch.org/terms
450,terms, Presearch,https://www.presearch.org/terms
451,terms, Presearch,https://www.presearch.org/terms
452,terms, Presearch,https://www.presearch.org/terms
453,terms, Presearch,https://www.presearch.org/terms
454,terms, Presearch,https://www.presearch.org/terms
455,terms, Presearch,https://www.presearch.org/terms
456,terms, Presearch,https://www.presearch.org/terms
457,terms, Presearch,https://www.presearch.org/terms
458,terms, Presearch,https://www.presearch.org/terms
459,terms, Presearch,https://www.presearch.org/terms
460,terms, Presearch,https://www.presearch.org/terms
461,terms, Presearch,https://www.presearch.org/terms
462,terms, Presearch,https://www.presearch.org/terms
463,terms, Presearch,https://www.presearch.org/terms
464,terms-and-conditions, ProtonMail,https://protonmail.com/terms-and-conditions
465,terms-and-conditions, ProtonMail,https://protonmail.com/terms-and-conditions
466,privacy-policy, ProtonMail,https://protonmail.com/privacy-policy
467,terms-and-conditions, ProtonMail,https://protonmail.com/terms-and-conditions
468,terms-and-conditions, ProtonMail,https://protonmail.com/terms-and-conditions
469,terms-and-conditions, ProtonMail,https://protonmail.com/terms-and-conditions
470,terms_v2, PythonAnywhere,https://www.pythonanywhere.com/terms_v2/
471,terms_v2, PythonAnywhere,https://www.pythonanywhere.com/terms_v2/
472,terms_v2, PythonAnywhere,https://www.pythonanywhere.com/terms_v2/
473,terms_v2, PythonAnywhere,https://www.pythonanywhere.com/terms_v2/
474,terms_v2, PythonAnywhere,https://www.pythonanywhere.com/terms_v2/
475,privacy_v2, PythonAnywhere,https://www.pythonanywhere.com/privacy_v2/
476,terms_v2, PythonAnywhere,https://www.pythonanywhere.com/terms_v2/
477,terms_v2, PythonAnywhere,https://www.pythonanywhere.com/terms_v2/
478,tos, Quora,https://www.quora.com/about/tos
479,tos, Quora,https://www.quora.com/about/tos
480,tos, Quora,https://www.quora.com/about/tos
481,tos, Quora,https://www.quora.com/about/tos
482,privacy, Quora,https://www.quora.com/about/privacy
483,qwant-search, Qwant,https://about.qwant.com/legal/terms-of-service/qwant-search/
484,qwant-search, Qwant,https://about.qwant.com/legal/terms-of-service/qwant-search/
485,qwant-search, Qwant,https://about.qwant.com/legal/terms-of-service/qwant-search/
486,privacy-policy, Reddit,https://www.redditinc.com/policies/privacy-policy
487,privacy-policy, Reddit,https://www.redditinc.com/policies/privacy-policy
488,privacy-policy, researchgate,https://www.researchgate.net/privacy-policy
489,license, RoboForm,https://www.roboform.com/license
490,terms-of-service, Ryver,https://ryver.com/terms-of-service/
491,terms-of-service, Ryver,https://ryver.com/terms-of-service/
492,terms-of-service, Ryver,https://ryver.com/terms-of-service/
493,privacy-policy, Ryver,https://ryver.com/privacy-policy/
494,terms-of-service, Ryver,https://ryver.com/terms-of-service/
495,terms-of-service, Ryver,https://ryver.com/terms-of-service/
496,terms-of-service, Ryver,https://ryver.com/terms-of-service/
497,privacy-policy, Ryver,https://ryver.com/privacy-policy/
498,terms-of-service, Ryver,https://ryver.com/terms-of-service/
499,terms-of-service, Ryver,https://ryver.com/terms-of-service/
500,terms-of-service, Ryver,https://ryver.com/terms-of-service/
501,terms-of-service, Ryver,https://ryver.com/terms-of-service/
502,terms-of-service, Ryver,https://ryver.com/terms-of-service/
503,terms-of-service, Ryver,https://ryver.com/terms-of-service/
504,privacy-policy, Ryver,https://ryver.com/privacy-policy/
505,privacy-policy, Ryver,https://ryver.com/privacy-policy/
506,terms-of-service, Ryver,https://ryver.com/terms-of-service/
507,privacy-policy, Ryver,https://ryver.com/privacy-policy/
508,privacy-policy, Ryver,https://ryver.com/privacy-policy/
509,privacy-policy, Ryver,https://ryver.com/privacy-policy/
510,privacy-policy, Ryver,https://ryver.com/privacy-policy/
511,terms-of-service, Ryver,https://ryver.com/terms-of-service/
512,privacy_policy, Scratch,https://scratch.mit.edu/privacy_policy
513,propri%c3%a9t%c3%a9-intellectuelle, SeenThis,http://seenthis.net/fran%C3%A7ais/mentions/article/propri%C3%A9t%C3%A9-intellectuelle
514,terms_of_use, Setlisting,https://www.setlisting.com/site/terms_of_use
515,cookies-and-privacy-policy, Setlisting,https://www.setlisting.com/site/cookies-and-privacy-policy
516,terms_of_use, Setlisting,https://www.setlisting.com/site/terms_of_use
517,privacy-policy, ShapeShift,https://info.shapeshift.io/privacy-policy
518,terms, Shopify,https://www.shopify.com/legal/terms
519,360004066371-signal-and-the-general-data-protection-regulation-gdpr-, Signal,https://support.signal.org/hc/en-us/articles/360004066371-Signal-and-the-General-Data-Protection-Regulation-GDPR-
520,legal, Signal,https://signal.org/legal/
521,legal, Signal,https://signal.org/legal/
522,legal, Signal,https://signal.org/legal/
523,legal, Signal,https://signal.org/legal/
524,legal, Signal,https://signal.org/legal/
525,legal, Signal,https://signal.org/legal/
526,360004066371-signal-and-the-general-data-protection-regulation-gdpr-, Signal,https://support.signal.org/hc/en-us/articles/360004066371-Signal-and-the-General-Data-Protection-Regulation-GDPR-
527,legal, Signal,https://www.signal.org/legal/
528,legal, Signal,https://signal.org/legal/
529,legal, Signal,https://signal.org/legal/
530,legal, Signal,https://signal.org/legal/
531,eastern-virginia-grand-jury, Signal,https://signal.org/bigbrother/eastern-virginia-grand-jury/
532,legal, Signal,https://signal.org/legal/
533,legal, Signal,https://signal.org/legal/
534,privacy-policy, Skycloud,https://uk.skycloud.pro/Privacy-Policy
535,terms-of-service, Slack,https://slack.com/terms-of-service
536,terms-of-service, Slack,https://slack.com/terms-of-service
537,terms-of-service, Slack,https://slack.com/terms-of-service
538,terms-of-service, Slack,https://slack.com/terms-of-service
539,terms-of-service, Slack,https://slack.com/terms-of-service
540,privacy-policy, Slack,https://slack.com/privacy-policy
541,terms-of-service, Slack,https://slack.com/terms-of-service
542,terms-of-service, Slack,https://slack.com/terms-of-service
543,terms-of-service, Slack,https://slack.com/terms-of-service
544,privacy-center, Snapchat,https://www.snap.com/en-US/privacy/privacy-center/
545,terms.shtml, softpedia,https://www.softpedia.com/user/terms.shtml
546,terms.shtml, softpedia,https://www.softpedia.com/user/terms.shtml
547,terms.shtml, softpedia,https://www.softpedia.com/user/terms.shtml
548,terms-of-use, SoundCloud,https://soundcloud.com/terms-of-use
549,terms-of-use, SoundCloud,https://soundcloud.com/terms-of-use
550,terms-of-use, SoundCloud,https://soundcloud.com/terms-of-use
551,terms-of-use, SoundCloud,https://soundcloud.com/terms-of-use
552,privacy, SoundCloud,https://soundcloud.com/pages/privacy
553,privacy, SoundCloud,https://soundcloud.com/pages/privacy
554,terms-of-use, SpiderOak,https://spideroak.com/terms-of-use/
555,terms-of-use, SpiderOak,https://spideroak.com/terms-of-use/
556,spigot-rules, SpigotMC,https://www.spigotmc.org/wiki/spigot-rules/
557,spigot-privacy, SpigotMC,https://www.spigotmc.org/wiki/spigot-privacy/
558,spigot-rules, SpigotMC,https://www.spigotmc.org/wiki/spigot-rules/
559,spigot-rules, SpigotMC,https://www.spigotmc.org/wiki/spigot-rules/
560,spigot-rules, SpigotMC,https://www.spigotmc.org/wiki/spigot-rules/
561,spigot-rules, SpigotMC,https://www.spigotmc.org/wiki/spigot-rules/
562,spigot-rules, SpigotMC,https://www.spigotmc.org/wiki/spigot-rules/
563,end-user-agreement, Spotify,https://www.spotify.com/us/legal/end-user-agreement/
564,end-user-agreement, Spotify,https://www.spotify.com/us/legal/end-user-agreement/
565,privacy-policy, Spotify,https://www.spotify.com/us/legal/privacy-policy/
566,privacy-policy, Spotify,https://www.spotify.com/us/legal/privacy-policy/
567,privacy-policy, Spotify,https://www.spotify.com/us/legal/privacy-policy/
568,privacy-policy, Spotify,https://www.spotify.com/us/legal/privacy-policy/
569,subscriber_agreement, Steam,https://store.steampowered.com/subscriber_agreement/
570,privacy-policy, Steam,https://www.cbsinteractive.com/legal/cbsi/privacy-policy
571,subscriber_agreement, Steam,https://store.steampowered.com/subscriber_agreement/
572,115005545248, Tapas,https://help.tapas.io/hc/en-us/articles/115005545248
573,115005545248, Tapas,https://help.tapas.io/hc/en-us/articles/115005545248
574,115005545248, Tapas,https://help.tapas.io/hc/en-us/articles/115005545248
575,115005545248, Tapas,https://help.tapas.io/hc/en-us/articles/115005545248
576,115005545248, Tapas,https://help.tapas.io/hc/en-us/articles/115005545248
577,115005377787, Tapas,https://help.tapas.io/hc/en-us/articles/115005377787
578,115005545248, Tapas,https://help.tapas.io/hc/en-us/articles/115005545248
579,115005545248, Tapas,https://help.tapas.io/hc/en-us/articles/115005545248
580,115005545248, Tapas,https://help.tapas.io/hc/en-us/articles/115005545248
581,information#terms, Thumbzilla,https://www.thumbzilla.com/information#terms
582,information#terms, Thumbzilla,https://www.thumbzilla.com/information#terms
583,information#terms, Thumbzilla,https://www.thumbzilla.com/information#terms
584,terms-of-use, TikTok,https://www.tiktok.com/en-uk/terms-of-use
585,terms-of-use, TikTok,https://www.tiktok.com/en-uk/terms-of-use
586,terms-of-use, TikTok,https://www.tiktok.com/en-uk/terms-of-use
587,privacy-policy, TikTok,https://www.tiktok.com/en-uk/privacy-policy
588,terms-of-use, TikTok,https://www.tiktok.com/en-uk/terms-of-use
589,privacy-policy, TikTok,https://www.tiktok.com/en-uk/privacy-policy
590,privacy?locale=en, tinder,https://www.gotinder.com/privacy?locale=en
591,us-2018-05-09, tinder,https://www.gotinder.com/terms/us-2018-05-09
592,about, ToS;DR,https://edit.tosdr.org/about
593,about, ToS;DR,https://edit.tosdr.org/about
594,legal.html, ToS;DR,https://tosdr.org/legal.html
595,about#tos, ToS;DR,https://edit.tosdr.org/about#tos
596,about, ToS;DR,https://edit.tosdr.org/about
597,about, ToS;DR,https://edit.tosdr.org/about
598,discussion, Tumblr,https://groups.google.com/d/topic/tosdr/m4IRrxn4SOo/discussion
599,-r5to7eajsy, Tumblr,https://groups.google.com/forum#!topic/tosdr/-R5tO7eajsY
600,en, Tumblr,https://www.tumblr.com/privacy/en
601,en, Tumblr,https://www.tumblr.com/privacy/en
602,terms-of-service, Tumblr,https://www.tumblr.com/policy/en/terms-of-service
603,terms-of-service, Tumblr,https://www.tumblr.com/policy/en/terms-of-service
604,05xcfurjpsg, Tumblr,https://groups.google.com/forum#!topic/tosdr/05XCfURjPsg
605,en, Tumblr,https://www.tumblr.com/privacy/en
606,privacy-policy, Twitch,https://www.twitch.tv/p/legal/privacy-policy/
607,privacy-policy, Twitch,https://www.twitch.tv/p/legal/privacy-policy/
608,terms-of-service, Twitch,https://www.twitch.tv/p/legal/terms-of-service/
609,privacy-policy, Twitch,https://www.twitch.tv/p/legal/privacy-policy/
610,cookie-policy, Twitch,https://www.twitch.tv/p/legal/cookie-policy
611,cookie-policy, Twitch,https://www.twitch.tv/p/legal/cookie-policy
612,privacy, Twitter,https://twitter.com/en/privacy
613,tos, Twitter,https://twitter.com/en/tos
614,tos, Twitter,https://twitter.com/en/tos
615,privacy, Twitter,https://twitter.com/en/privacy
616,tos, Twitter,https://twitter.com/en/tos
617,privacy, Twitter,https://twitter.com/en/privacy
618,privacy, Twitter,https://twitter.com/en/privacy
619,privacy, Twitter,https://twitter.com/en/privacy
620,privacy, Twitter,https://twitter.com/en/privacy
621,tos, Twitter,https://twitter.com/en/tos
622,tos, Twitter,https://twitter.com/en/tos
623,tos, Twitter,https://twitter.com/en/tos
624,us, Uber,https://www.uber.com/legal/terms/us/
625,us, Uber,https://www.uber.com/legal/terms/us/
626,us, Uber,https://www.uber.com/legal/terms/us/
627,us, Uber,https://www.uber.com/legal/terms/us/
628,terms-of-service, Upcloud,https://upcloud.com/terms-of-service/
629,terms-of-service, Upcloud,https://upcloud.com/terms-of-service/
630,terms-of-service, Upcloud,https://upcloud.com/terms-of-service/
631,terms-of-service, Upcloud,https://upcloud.com/terms-of-service/
632,privacy-policy, Upcloud,https://upcloud.com/privacy-policy/
633,terms-of-service, Upcloud,https://upcloud.com/terms-of-service/
634,privacy-policy, Upcloud,https://upcloud.com/privacy-policy/
635,terms-of-service, Upcloud,https://upcloud.com/terms-of-service/
636,privacy-policy, Upcloud,https://upcloud.com/privacy-policy/
637,privacy-policy, Upcloud,https://upcloud.com/privacy-policy/
638,terms-of-service, Upcloud,https://upcloud.com/terms-of-service/
639,terms-of-service, Upcloud,https://upcloud.com/terms-of-service/
640,terms-of-service, Upcloud,https://upcloud.com/terms-of-service/
641,terms-of-service, Upcloud,https://upcloud.com/terms-of-service/
642,privacy-policy, Upcloud,https://upcloud.com/privacy-policy/
643,privacy-policy, Upcloud,https://upcloud.com/privacy-policy/
644,privacy-policy, Upcloud,https://upcloud.com/privacy-policy/
645,terms-of-service, Upcloud,https://upcloud.com/terms-of-service/
646,terms-of-service, Upcloud,https://upcloud.com/terms-of-service/
647,tos, VIRTBIZ,https://www.virtbiz.com/about/tos/
648,about_privacy.asp, W3Schools,https://www.w3schools.com/about/about_privacy.asp
649,terms, WaniKani,https://www.wanikani.com/terms
650,privacy, WaniKani,https://www.wanikani.com/privacy
651,privacy, WaniKani,https://www.wanikani.com/privacy
652,terms, Wattpad,https://policies.wattpad.com/terms
653,terms, Wattpad,https://policies.wattpad.com/terms
654,terms, Wattpad,https://policies.wattpad.com/terms
655,terms, Wattpad,https://policies.wattpad.com/terms
656,privacy, Wattpad,https://policies.wattpad.com/privacy
657,terms, Wattpad,https://policies.wattpad.com/terms
658,terms, Wattpad,https://policies.wattpad.com/terms
659,terms, Wattpad,https://policies.wattpad.com/terms
660,privacy, Wattpad,https://policies.wattpad.com/privacy
661,terms, Wattpad,https://policies.wattpad.com/terms
662,terms, Wattpad,https://policies.wattpad.com/terms
663,terms, Wattpad,https://policies.wattpad.com/terms
664,terms, Wattpad,https://policies.wattpad.com/terms
665,terms, Wattpad,https://policies.wattpad.com/terms
666,terms, Wattpad,https://policies.wattpad.com/terms
667,privacy, Wattpad,https://policies.wattpad.com/privacy
668,privacy, Wattpad,https://policies.wattpad.com/privacy
669,terms, Wattpad,https://policies.wattpad.com/terms
670,terms, Wattpad,https://policies.wattpad.com/terms
671,terms, Wattpad,https://policies.wattpad.com/terms
672,terms-conditions, websaver,https://websaver.ca/en_ca/terms-conditions/
673,terms-of-service, weebly,http://www.weebly.com/terms-of-service/
674,terms-of-service, weebly,http://www.weebly.com/terms-of-service/
675,terms-of-service, weebly,http://www.weebly.com/terms-of-service/
676,terms-of-service, weebly,http://www.weebly.com/terms-of-service/
677,legal?eea=0, WhatsApp,https://www.whatsapp.com/legal?eea=0
678,legal?eea=0, WhatsApp,https://www.whatsapp.com/legal?eea=0
679,legal?eea=0, WhatsApp,https://www.whatsapp.com/legal?eea=0
680,legal?eea=0, WhatsApp,https://www.whatsapp.com/legal?eea=0
681,legal?eea=0, WhatsApp,https://www.whatsapp.com/legal?eea=0
682,wikihow:terms-of-use, WikiHow,http://www.wikihow.com/wikiHow:Terms-of-Use
683,wikihow:terms-of-use, WikiHow,http://www.wikihow.com/wikiHow:Terms-of-Use
684,wikihow:terms-of-use, WikiHow,http://www.wikihow.com/wikiHow:Terms-of-Use
685,wikihow:terms-of-use, WikiHow,http://www.wikihow.com/wikiHow:Terms-of-Use
686,wikihow:terms-of-use, WikiHow,http://www.wikihow.com/wikiHow:Terms-of-Use
687,wikihow:terms-of-use, WikiHow,http://www.wikihow.com/wikiHow:Terms-of-Use
688,wikihow:terms-of-use, WikiHow,http://www.wikihow.com/wikiHow:Terms-of-Use
689,wikihow:terms-of-use, WikiHow,http://www.wikihow.com/wikiHow:Terms-of-Use
690,wikihow:terms-of-use, WikiHow,http://www.wikihow.com/wikiHow:Terms-of-Use
691,wikihow:privacy-policy, WikiHow,https://www.wikihow.com/wikiHow:Privacy-Policy
692,wikihow:privacy-policy, WikiHow,https://www.wikihow.com/wikiHow:Privacy-Policy
693,wikihow:privacy-policy, WikiHow,https://www.wikihow.com/wikiHow:Privacy-Policy
694,wikihow:terms-of-use, WikiHow,http://www.wikihow.com/wikiHow:Terms-of-Use
695,wikihow:terms-of-use, WikiHow,http://www.wikihow.com/wikiHow:Terms-of-Use
696,wikihow:terms-of-use, WikiHow,http://www.wikihow.com/wikiHow:Terms-of-Use
697,en, Wikimedia,https://foundation.wikimedia.org/wiki/Terms_of_Use/en
698,terms_of_use, Wikipedia,https://wikimediafoundation.org/wiki/Terms_of_Use
699,terms_of_use, Wikipedia,https://wikimediafoundation.org/wiki/Terms_of_Use
700,terms_of_use, Wikipedia,https://wikimediafoundation.org/wiki/Terms_of_Use
701,privacy_policy, Wikipedia,https://wikimediafoundation.org/wiki/Privacy_policy
702,terms_of_use, Wikipedia,https://wikimediafoundation.org/wiki/Terms_of_Use
703,terms_of_use, Wikipedia,https://wikimediafoundation.org/wiki/Terms_of_Use
704,terms_of_use, Wikipedia,https://wikimediafoundation.org/wiki/Terms_of_Use
705,terms_of_use, Wikipedia,https://wikimediafoundation.org/wiki/Terms_of_Use
706,terms_of_use, Wikipedia,https://wikimediafoundation.org/wiki/Terms_of_Use
707,milmaklnbcsj, XING,https://groups.google.com/d/msg/tosdr/_he1077OGTY/MilMakLnbCsJ
708,milmaklnbcsj, XING,https://groups.google.com/d/msg/tosdr/_he1077OGTY/MilMakLnbCsJ
709,privacy, Yakka,https://yakka.agency/privacy
710,9229472?hl=en&ref_topic=2803176, YouTube,https://support.google.com/youtube/answer/9229472?hl=en&ref_topic=2803176
711,9229472?hl=en&ref_topic=2803176, YouTube,https://support.google.com/youtube/answer/9229472?hl=en&ref_topic=2803176
712,terms, YouTube,https://www.youtube.com/t/terms
713,terms, YouTube,https://www.youtube.com/t/terms
